{
    "dependency_tree": {
        "__AUTOGENERATED_FILE_DO_NOT_MODIFY_THIS_FILE_MANUALLY": 765479201,
        "conflict_resolution": {
            "com.google.auto.value:auto-value-annotations:1.7.5": "com.google.auto.value:auto-value-annotations:1.8.1",
            "com.google.errorprone:error_prone_annotations:2.5.1": "com.google.errorprone:error_prone_annotations:2.7.1",
            "com.google.truth:truth:1.1.2": "com.google.truth:truth:1.1.3"
        },
        "dependencies": [
            {
                "coord": "com.google.auto.value:auto-value-annotations:1.8.1",
                "dependencies": [],
                "directDependencies": [],
                "file": "v1/https/jcenter.bintray.com/com/google/auto/value/auto-value-annotations/1.8.1/auto-value-annotations-1.8.1.jar",
                "mirror_urls": [
                    "https://jcenter.bintray.com/com/google/auto/value/auto-value-annotations/1.8.1/auto-value-annotations-1.8.1.jar",
                    "https://maven.google.com/com/google/auto/value/auto-value-annotations/1.8.1/auto-value-annotations-1.8.1.jar",
                    "https://repo1.maven.org/maven2/com/google/auto/value/auto-value-annotations/1.8.1/auto-value-annotations-1.8.1.jar"
                ],
                "sha256": "37ec09b47d7ed35a99d13927db5c86fc9071f620f943ead5d757144698310852",
                "url": "https://jcenter.bintray.com/com/google/auto/value/auto-value-annotations/1.8.1/auto-value-annotations-1.8.1.jar"
            },
            {
                "coord": "com.google.auto.value:auto-value:1.7.5",
                "dependencies": [],
                "directDependencies": [],
                "file": "v1/https/jcenter.bintray.com/com/google/auto/value/auto-value/1.7.5/auto-value-1.7.5.jar",
                "mirror_urls": [
                    "https://jcenter.bintray.com/com/google/auto/value/auto-value/1.7.5/auto-value-1.7.5.jar",
                    "https://maven.google.com/com/google/auto/value/auto-value/1.7.5/auto-value-1.7.5.jar",
                    "https://repo1.maven.org/maven2/com/google/auto/value/auto-value/1.7.5/auto-value-1.7.5.jar"
                ],
                "sha256": "dae1479c7687dcfa5f4268eb6747b00c4b47cd3665fa5928afc6aa79a05d4485",
                "url": "https://jcenter.bintray.com/com/google/auto/value/auto-value/1.7.5/auto-value-1.7.5.jar"
            },
            {
                "coord": "com.google.code.findbugs:jsr305:3.0.2",
                "dependencies": [],
                "directDependencies": [],
                "file": "v1/https/jcenter.bintray.com/com/google/code/findbugs/jsr305/3.0.2/jsr305-3.0.2.jar",
                "mirror_urls": [
                    "https://jcenter.bintray.com/com/google/code/findbugs/jsr305/3.0.2/jsr305-3.0.2.jar",
                    "https://maven.google.com/com/google/code/findbugs/jsr305/3.0.2/jsr305-3.0.2.jar",
                    "https://repo1.maven.org/maven2/com/google/code/findbugs/jsr305/3.0.2/jsr305-3.0.2.jar"
                ],
                "sha256": "766ad2a0783f2687962c8ad74ceecc38a28b9f72a2d085ee438b7813e928d0c7",
                "url": "https://jcenter.bintray.com/com/google/code/findbugs/jsr305/3.0.2/jsr305-3.0.2.jar"
            },
            {
                "coord": "com.google.errorprone:error_prone_annotations:2.7.1",
                "dependencies": [],
                "directDependencies": [],
                "file": "v1/https/jcenter.bintray.com/com/google/errorprone/error_prone_annotations/2.7.1/error_prone_annotations-2.7.1.jar",
                "mirror_urls": [
                    "https://jcenter.bintray.com/com/google/errorprone/error_prone_annotations/2.7.1/error_prone_annotations-2.7.1.jar",
                    "https://maven.google.com/com/google/errorprone/error_prone_annotations/2.7.1/error_prone_annotations-2.7.1.jar",
                    "https://repo1.maven.org/maven2/com/google/errorprone/error_prone_annotations/2.7.1/error_prone_annotations-2.7.1.jar"
                ],
                "sha256": "cd5257c08a246cf8628817ae71cb822be192ef91f6881ca4a3fcff4f1de1cff3",
                "url": "https://jcenter.bintray.com/com/google/errorprone/error_prone_annotations/2.7.1/error_prone_annotations-2.7.1.jar"
            },
            {
                "coord": "com.google.guava:failureaccess:1.0.1",
                "dependencies": [],
                "directDependencies": [],
                "file": "v1/https/jcenter.bintray.com/com/google/guava/failureaccess/1.0.1/failureaccess-1.0.1.jar",
                "mirror_urls": [
                    "https://jcenter.bintray.com/com/google/guava/failureaccess/1.0.1/failureaccess-1.0.1.jar",
                    "https://maven.google.com/com/google/guava/failureaccess/1.0.1/failureaccess-1.0.1.jar",
                    "https://repo1.maven.org/maven2/com/google/guava/failureaccess/1.0.1/failureaccess-1.0.1.jar"
                ],
                "sha256": "a171ee4c734dd2da837e4b16be9df4661afab72a41adaf31eb84dfdaf936ca26",
                "url": "https://jcenter.bintray.com/com/google/guava/failureaccess/1.0.1/failureaccess-1.0.1.jar"
            },
            {
                "coord": "com.google.guava:guava:30.1.1-jre",
                "dependencies": [
                    "com.google.guava:listenablefuture:9999.0-empty-to-avoid-conflict-with-guava",
                    "com.google.j2objc:j2objc-annotations:1.3",
                    "com.google.code.findbugs:jsr305:3.0.2",
                    "com.google.errorprone:error_prone_annotations:2.7.1",
                    "org.checkerframework:checker-qual:3.13.0",
                    "com.google.guava:failureaccess:1.0.1"
                ],
                "directDependencies": [
                    "com.google.guava:listenablefuture:9999.0-empty-to-avoid-conflict-with-guava",
                    "com.google.j2objc:j2objc-annotations:1.3",
                    "com.google.code.findbugs:jsr305:3.0.2",
                    "com.google.errorprone:error_prone_annotations:2.7.1",
                    "org.checkerframework:checker-qual:3.13.0",
                    "com.google.guava:failureaccess:1.0.1"
                ],
                "file": "v1/https/jcenter.bintray.com/com/google/guava/guava/30.1.1-jre/guava-30.1.1-jre.jar",
                "mirror_urls": [
                    "https://jcenter.bintray.com/com/google/guava/guava/30.1.1-jre/guava-30.1.1-jre.jar",
                    "https://maven.google.com/com/google/guava/guava/30.1.1-jre/guava-30.1.1-jre.jar",
                    "https://repo1.maven.org/maven2/com/google/guava/guava/30.1.1-jre/guava-30.1.1-jre.jar"
                ],
                "sha256": "44ce229ce26d880bf3afc362bbfcec34d7e6903d195bbb1db9f3b6e0d9834f06",
                "url": "https://jcenter.bintray.com/com/google/guava/guava/30.1.1-jre/guava-30.1.1-jre.jar"
            },
            {
                "coord": "com.google.guava:listenablefuture:9999.0-empty-to-avoid-conflict-with-guava",
                "dependencies": [],
                "directDependencies": [],
                "file": "v1/https/jcenter.bintray.com/com/google/guava/listenablefuture/9999.0-empty-to-avoid-conflict-with-guava/listenablefuture-9999.0-empty-to-avoid-conflict-with-guava.jar",
                "mirror_urls": [
                    "https://jcenter.bintray.com/com/google/guava/listenablefuture/9999.0-empty-to-avoid-conflict-with-guava/listenablefuture-9999.0-empty-to-avoid-conflict-with-guava.jar",
                    "https://maven.google.com/com/google/guava/listenablefuture/9999.0-empty-to-avoid-conflict-with-guava/listenablefuture-9999.0-empty-to-avoid-conflict-with-guava.jar",
                    "https://repo1.maven.org/maven2/com/google/guava/listenablefuture/9999.0-empty-to-avoid-conflict-with-guava/listenablefuture-9999.0-empty-to-avoid-conflict-with-guava.jar"
                ],
                "sha256": "b372a037d4230aa57fbeffdef30fd6123f9c0c2db85d0aced00c91b974f33f99",
                "url": "https://jcenter.bintray.com/com/google/guava/listenablefuture/9999.0-empty-to-avoid-conflict-with-guava/listenablefuture-9999.0-empty-to-avoid-conflict-with-guava.jar"
            },
            {
                "coord": "com.google.j2objc:j2objc-annotations:1.3",
                "dependencies": [],
                "directDependencies": [],
                "file": "v1/https/jcenter.bintray.com/com/google/j2objc/j2objc-annotations/1.3/j2objc-annotations-1.3.jar",
                "mirror_urls": [
                    "https://jcenter.bintray.com/com/google/j2objc/j2objc-annotations/1.3/j2objc-annotations-1.3.jar",
                    "https://maven.google.com/com/google/j2objc/j2objc-annotations/1.3/j2objc-annotations-1.3.jar",
                    "https://repo1.maven.org/maven2/com/google/j2objc/j2objc-annotations/1.3/j2objc-annotations-1.3.jar"
                ],
                "sha256": "21af30c92267bd6122c0e0b4d20cccb6641a37eaf956c6540ec471d584e64a7b",
                "url": "https://jcenter.bintray.com/com/google/j2objc/j2objc-annotations/1.3/j2objc-annotations-1.3.jar"
            },
            {
                "coord": "com.google.protobuf:protobuf-java:3.15.6",
                "dependencies": [],
                "directDependencies": [],
                "file": "v1/https/jcenter.bintray.com/com/google/protobuf/protobuf-java/3.15.6/protobuf-java-3.15.6.jar",
                "mirror_urls": [
                    "https://jcenter.bintray.com/com/google/protobuf/protobuf-java/3.15.6/protobuf-java-3.15.6.jar",
                    "https://maven.google.com/com/google/protobuf/protobuf-java/3.15.6/protobuf-java-3.15.6.jar",
                    "https://repo1.maven.org/maven2/com/google/protobuf/protobuf-java/3.15.6/protobuf-java-3.15.6.jar"
                ],
                "sha256": "97a2b7dbcd9a81a9760c1531ee0b7253a4633e9f9fc5accfb66c4205d23c30c6",
                "url": "https://jcenter.bintray.com/com/google/protobuf/protobuf-java/3.15.6/protobuf-java-3.15.6.jar"
            },
            {
                "coord": "com.google.protobuf:protobuf-lite:3.0.1",
                "dependencies": [],
                "directDependencies": [],
                "file": "v1/https/jcenter.bintray.com/com/google/protobuf/protobuf-lite/3.0.1/protobuf-lite-3.0.1.jar",
                "mirror_urls": [
                    "https://jcenter.bintray.com/com/google/protobuf/protobuf-lite/3.0.1/protobuf-lite-3.0.1.jar",
                    "https://maven.google.com/com/google/protobuf/protobuf-lite/3.0.1/protobuf-lite-3.0.1.jar",
                    "https://repo1.maven.org/maven2/com/google/protobuf/protobuf-lite/3.0.1/protobuf-lite-3.0.1.jar"
                ],
                "sha256": "1413393db84e4adef79b2997d9dfeb4793d8f93d196f8347808d15711f0bc69c",
                "url": "https://jcenter.bintray.com/com/google/protobuf/protobuf-lite/3.0.1/protobuf-lite-3.0.1.jar"
            },
            {
                "coord": "com.google.testparameterinjector:test-parameter-injector:1.7",
                "dependencies": [
                    "com.google.protobuf:protobuf-lite:3.0.1",
                    "com.google.code.findbugs:jsr305:3.0.2",
                    "org.hamcrest:hamcrest-core:1.3",
                    "com.google.auto.value:auto-value-annotations:1.8.1",
                    "com.google.guava:guava:30.1.1-jre",
                    "junit:junit:4.13.2",
                    "org.yaml:snakeyaml:1.27"
                ],
                "directDependencies": [
                    "com.google.protobuf:protobuf-lite:3.0.1",
                    "com.google.code.findbugs:jsr305:3.0.2",
                    "com.google.auto.value:auto-value-annotations:1.8.1",
                    "com.google.guava:guava:30.1.1-jre",
                    "junit:junit:4.13.2",
                    "org.yaml:snakeyaml:1.27"
                ],
                "file": "v1/https/jcenter.bintray.com/com/google/testparameterinjector/test-parameter-injector/1.7/test-parameter-injector-1.7.jar",
                "mirror_urls": [
                    "https://jcenter.bintray.com/com/google/testparameterinjector/test-parameter-injector/1.7/test-parameter-injector-1.7.jar",
                    "https://maven.google.com/com/google/testparameterinjector/test-parameter-injector/1.7/test-parameter-injector-1.7.jar",
                    "https://repo1.maven.org/maven2/com/google/testparameterinjector/test-parameter-injector/1.7/test-parameter-injector-1.7.jar"
                ],
                "sha256": "2fbe677613fe0c00b7ed4f0dbe3e42ff6582dad175c7d6aa84f8b57f40da69d1",
                "url": "https://jcenter.bintray.com/com/google/testparameterinjector/test-parameter-injector/1.7/test-parameter-injector-1.7.jar"
            },
            {
                "coord": "com.google.truth.extensions:truth-java8-extension:1.1.3",
                "dependencies": [
                    "com.google.truth:truth:1.1.3",
                    "com.google.errorprone:error_prone_annotations:2.7.1",
                    "org.hamcrest:hamcrest-core:1.3",
                    "org.checkerframework:checker-qual:3.13.0",
                    "com.google.auto.value:auto-value-annotations:1.8.1",
                    "com.google.guava:guava:30.1.1-jre",
                    "org.ow2.asm:asm:9.1",
                    "junit:junit:4.13.2"
                ],
                "directDependencies": [
                    "com.google.truth:truth:1.1.3",
                    "org.checkerframework:checker-qual:3.13.0"
                ],
                "file": "v1/https/jcenter.bintray.com/com/google/truth/extensions/truth-java8-extension/1.1.3/truth-java8-extension-1.1.3.jar",
                "mirror_urls": [
                    "https://jcenter.bintray.com/com/google/truth/extensions/truth-java8-extension/1.1.3/truth-java8-extension-1.1.3.jar",
                    "https://maven.google.com/com/google/truth/extensions/truth-java8-extension/1.1.3/truth-java8-extension-1.1.3.jar",
                    "https://repo1.maven.org/maven2/com/google/truth/extensions/truth-java8-extension/1.1.3/truth-java8-extension-1.1.3.jar"
                ],
                "sha256": "2bbd32dd2fa9470d17f1bbda4f52b33b60bce4574052c1d46610a0aa371fc446",
                "url": "https://jcenter.bintray.com/com/google/truth/extensions/truth-java8-extension/1.1.3/truth-java8-extension-1.1.3.jar"
            },
            {
                "coord": "com.google.truth:truth:1.1.3",
                "dependencies": [
                    "com.google.errorprone:error_prone_annotations:2.7.1",
                    "org.hamcrest:hamcrest-core:1.3",
                    "org.checkerframework:checker-qual:3.13.0",
                    "com.google.auto.value:auto-value-annotations:1.8.1",
                    "com.google.guava:guava:30.1.1-jre",
                    "org.ow2.asm:asm:9.1",
                    "junit:junit:4.13.2"
                ],
                "directDependencies": [
                    "com.google.errorprone:error_prone_annotations:2.7.1",
                    "org.checkerframework:checker-qual:3.13.0",
                    "com.google.auto.value:auto-value-annotations:1.8.1",
                    "com.google.guava:guava:30.1.1-jre",
                    "org.ow2.asm:asm:9.1",
                    "junit:junit:4.13.2"
                ],
                "file": "v1/https/jcenter.bintray.com/com/google/truth/truth/1.1.3/truth-1.1.3.jar",
                "mirror_urls": [
                    "https://jcenter.bintray.com/com/google/truth/truth/1.1.3/truth-1.1.3.jar",
                    "https://maven.google.com/com/google/truth/truth/1.1.3/truth-1.1.3.jar",
                    "https://repo1.maven.org/maven2/com/google/truth/truth/1.1.3/truth-1.1.3.jar"
                ],
                "sha256": "fc0b67782289a2aabfddfdf99eff1dcd5edc890d49143fcd489214b107b8f4f3",
                "url": "https://jcenter.bintray.com/com/google/truth/truth/1.1.3/truth-1.1.3.jar"
            },
            {
                "coord": "junit:junit:4.13.2",
                "dependencies": [
                    "org.hamcrest:hamcrest-core:1.3"
                ],
                "directDependencies": [
                    "org.hamcrest:hamcrest-core:1.3"
                ],
                "file": "v1/https/jcenter.bintray.com/junit/junit/4.13.2/junit-4.13.2.jar",
                "mirror_urls": [
                    "https://jcenter.bintray.com/junit/junit/4.13.2/junit-4.13.2.jar",
                    "https://maven.google.com/junit/junit/4.13.2/junit-4.13.2.jar",
                    "https://repo1.maven.org/maven2/junit/junit/4.13.2/junit-4.13.2.jar"
                ],
                "sha256": "8e495b634469d64fb8acfa3495a065cbacc8a0fff55ce1e31007be4c16dc57d3",
                "url": "https://jcenter.bintray.com/junit/junit/4.13.2/junit-4.13.2.jar"
            },
            {
                "coord": "net.bytebuddy:byte-buddy-agent:1.10.20",
                "dependencies": [],
                "directDependencies": [],
                "file": "v1/https/jcenter.bintray.com/net/bytebuddy/byte-buddy-agent/1.10.20/byte-buddy-agent-1.10.20.jar",
                "mirror_urls": [
                    "https://jcenter.bintray.com/net/bytebuddy/byte-buddy-agent/1.10.20/byte-buddy-agent-1.10.20.jar",
                    "https://maven.google.com/net/bytebuddy/byte-buddy-agent/1.10.20/byte-buddy-agent-1.10.20.jar",
                    "https://repo1.maven.org/maven2/net/bytebuddy/byte-buddy-agent/1.10.20/byte-buddy-agent-1.10.20.jar"
                ],
                "sha256": "b592a6c43e752bf41659717956c57fbb790394d2ee5f8941876659f9c5c0e7e8",
                "url": "https://jcenter.bintray.com/net/bytebuddy/byte-buddy-agent/1.10.20/byte-buddy-agent-1.10.20.jar"
            },
            {
                "coord": "net.bytebuddy:byte-buddy:1.10.20",
                "dependencies": [],
                "directDependencies": [],
                "file": "v1/https/jcenter.bintray.com/net/bytebuddy/byte-buddy/1.10.20/byte-buddy-1.10.20.jar",
                "mirror_urls": [
                    "https://jcenter.bintray.com/net/bytebuddy/byte-buddy/1.10.20/byte-buddy-1.10.20.jar",
                    "https://maven.google.com/net/bytebuddy/byte-buddy/1.10.20/byte-buddy-1.10.20.jar",
                    "https://repo1.maven.org/maven2/net/bytebuddy/byte-buddy/1.10.20/byte-buddy-1.10.20.jar"
                ],
                "sha256": "5fcad05da791e9a22811c255a4a74b7ea094b7243d9dbf3e6fc578c8c94290ac",
                "url": "https://jcenter.bintray.com/net/bytebuddy/byte-buddy/1.10.20/byte-buddy-1.10.20.jar"
            },
            {
                "coord": "org.apache.commons:commons-math3:3.6.1",
                "dependencies": [],
                "directDependencies": [],
                "file": "v1/https/jcenter.bintray.com/org/apache/commons/commons-math3/3.6.1/commons-math3-3.6.1.jar",
                "mirror_urls": [
                    "https://jcenter.bintray.com/org/apache/commons/commons-math3/3.6.1/commons-math3-3.6.1.jar",
                    "https://maven.google.com/org/apache/commons/commons-math3/3.6.1/commons-math3-3.6.1.jar",
                    "https://repo1.maven.org/maven2/org/apache/commons/commons-math3/3.6.1/commons-math3-3.6.1.jar"
                ],
                "sha256": "1e56d7b058d28b65abd256b8458e3885b674c1d588fa43cd7d1cbb9c7ef2b308",
                "url": "https://jcenter.bintray.com/org/apache/commons/commons-math3/3.6.1/commons-math3-3.6.1.jar"
            },
            {
                "coord": "org.checkerframework:checker-qual:3.13.0",
                "dependencies": [],
                "directDependencies": [],
                "file": "v1/https/jcenter.bintray.com/org/checkerframework/checker-qual/3.13.0/checker-qual-3.13.0.jar",
                "mirror_urls": [
                    "https://jcenter.bintray.com/org/checkerframework/checker-qual/3.13.0/checker-qual-3.13.0.jar",
                    "https://maven.google.com/org/checkerframework/checker-qual/3.13.0/checker-qual-3.13.0.jar",
                    "https://repo1.maven.org/maven2/org/checkerframework/checker-qual/3.13.0/checker-qual-3.13.0.jar"
                ],
                "sha256": "3ea0dcd73b4d6cb2fb34bd7ed4dad6db327a01ebad7db05eb7894076b3d64491",
                "url": "https://jcenter.bintray.com/org/checkerframework/checker-qual/3.13.0/checker-qual-3.13.0.jar"
            },
            {
                "coord": "org.hamcrest:hamcrest-core:1.3",
                "dependencies": [],
                "directDependencies": [],
                "file": "v1/https/jcenter.bintray.com/org/hamcrest/hamcrest-core/1.3/hamcrest-core-1.3.jar",
                "mirror_urls": [
                    "https://jcenter.bintray.com/org/hamcrest/hamcrest-core/1.3/hamcrest-core-1.3.jar",
                    "https://maven.google.com/org/hamcrest/hamcrest-core/1.3/hamcrest-core-1.3.jar",
                    "https://repo1.maven.org/maven2/org/hamcrest/hamcrest-core/1.3/hamcrest-core-1.3.jar"
                ],
                "sha256": "66fdef91e9739348df7a096aa384a5685f4e875584cce89386a7a47251c4d8e9",
                "url": "https://jcenter.bintray.com/org/hamcrest/hamcrest-core/1.3/hamcrest-core-1.3.jar"
            },
            {
                "coord": "org.mockito:mockito-core:3.8.0",
                "dependencies": [
                    "net.bytebuddy:byte-buddy:1.10.20",
                    "net.bytebuddy:byte-buddy-agent:1.10.20",
                    "org.objenesis:objenesis:3.1"
                ],
                "directDependencies": [
                    "net.bytebuddy:byte-buddy:1.10.20",
                    "net.bytebuddy:byte-buddy-agent:1.10.20",
                    "org.objenesis:objenesis:3.1"
                ],
                "file": "v1/https/jcenter.bintray.com/org/mockito/mockito-core/3.8.0/mockito-core-3.8.0.jar",
                "mirror_urls": [
                    "https://jcenter.bintray.com/org/mockito/mockito-core/3.8.0/mockito-core-3.8.0.jar",
                    "https://maven.google.com/org/mockito/mockito-core/3.8.0/mockito-core-3.8.0.jar",
                    "https://repo1.maven.org/maven2/org/mockito/mockito-core/3.8.0/mockito-core-3.8.0.jar"
                ],
                "sha256": "e8a6113e5ba2fcadc22ad5da712ce60ce85db48efb8bfc1cbac4802eb36b559f",
                "url": "https://jcenter.bintray.com/org/mockito/mockito-core/3.8.0/mockito-core-3.8.0.jar"
            },
            {
                "coord": "org.objenesis:objenesis:3.1",
                "dependencies": [],
                "directDependencies": [],
                "file": "v1/https/jcenter.bintray.com/org/objenesis/objenesis/3.1/objenesis-3.1.jar",
                "mirror_urls": [
                    "https://jcenter.bintray.com/org/objenesis/objenesis/3.1/objenesis-3.1.jar",
                    "https://maven.google.com/org/objenesis/objenesis/3.1/objenesis-3.1.jar",
                    "https://repo1.maven.org/maven2/org/objenesis/objenesis/3.1/objenesis-3.1.jar"
                ],
                "sha256": "cdb3d038c188de6f46ffd5cd930be2d5e5dba59c53b26437995d534e3db2fb80",
                "url": "https://jcenter.bintray.com/org/objenesis/objenesis/3.1/objenesis-3.1.jar"
            },
            {
                "coord": "org.ow2.asm:asm:9.1",
                "dependencies": [],
                "directDependencies": [],
                "file": "v1/https/jcenter.bintray.com/org/ow2/asm/asm/9.1/asm-9.1.jar",
                "mirror_urls": [
                    "https://jcenter.bintray.com/org/ow2/asm/asm/9.1/asm-9.1.jar",
                    "https://maven.google.com/org/ow2/asm/asm/9.1/asm-9.1.jar",
                    "https://repo1.maven.org/maven2/org/ow2/asm/asm/9.1/asm-9.1.jar"
                ],
                "sha256": "cda4de455fab48ff0bcb7c48b4639447d4de859a7afc30a094a986f0936beba2",
                "url": "https://jcenter.bintray.com/org/ow2/asm/asm/9.1/asm-9.1.jar"
            },
            {
                "coord": "org.yaml:snakeyaml:1.27",
                "dependencies": [],
                "directDependencies": [],
                "file": "v1/https/jcenter.bintray.com/org/yaml/snakeyaml/1.27/snakeyaml-1.27.jar",
                "mirror_urls": [
                    "https://jcenter.bintray.com/org/yaml/snakeyaml/1.27/snakeyaml-1.27.jar",
                    "https://maven.google.com/org/yaml/snakeyaml/1.27/snakeyaml-1.27.jar",
                    "https://repo1.maven.org/maven2/org/yaml/snakeyaml/1.27/snakeyaml-1.27.jar"
                ],
                "sha256": "7e7cce6740ed705bfdfaac7b442c1375d2986d2f2935936a5bd40c14e18fd736",
                "url": "https://jcenter.bintray.com/org/yaml/snakeyaml/1.27/snakeyaml-1.27.jar"
            }
        ],
        "version": "0.1.0"
    }
}
